ForiegnPlace,USPlace,State,Country,CountryId,Column1,Column2
Kabul,Cabool, Missouri,Afghanistan,3,,
Vlorë,Valona, Georgia,Albania,6,,
Algiers,Algiers, Louisiana,Algeria,56,,
Algiers,Algiers, Indiana,Algeria,56,,
Oran,Oran, Missouri,Algeria,56,,
Angola,Angola, Indiana,Angola,8,,
Angola,Angola, New York,Angola,8,,
La Plata,La Plata, Missouri,Argentina,9,,
La Plata,La Plata, Maryland,Argentina,9,,
Ballarat,Ballarat, California,Australia,12,,
Brisbane,Brisbane, California,Australia,12,,
Melbourne,Melbourne, Florida,Australia,12,,
Melbourne,Melbourne, Kentucky,Australia,12,,
Melbourne,Melbourne, Arkansas,Australia,12,,
Rockhampton,Rockham, South Dakota,Australia,12,,
Deutsch-Wagram,Wagram, North Carolina,Austria,11,,
Freistadt,Freistatt, Missouri,Austria,11,,
Vienna,Vienna, Illinois,Austria,11,,
Vienna,Vienna, Indiana,Austria,11,,
Vienna,Vienna, Missouri,Austria,11,,
Vienna,Vienna, New York,Austria,11,,
Vienna,Vienna, Virginia,Austria,11,,
Wels,New Wells, Missouri,Austria,11,,
Baku,Baku, California,Azerbaijan,14,,
Antwerp,Antwerp, New York,Belgium,18,,
Antwerp,Antwerp, Ohio,Belgium,18,,
Bastogne,Bastogne Gables, North Carolina,Belgium,18,,
Brussels,Brussels, Wisconsin,Belgium,18,,
Brussels,Brussels, Illinois,Belgium,18,,
Charleroi,Charleroi, Pennsylvania,Belgium,18,,
Ghent,Ghent, Minnesota,Belgium,18,,
Ghent,Ghent, Kentucky,Belgium,18,,
Hoboken,Hoboken, New Jersey,Belgium,18,,
Liège,Liege, Missouri,Belgium,18,,
Luxemburg,Luxemburg, Wisconsin,Belgium,18,,
Namur,Namur, Wisconsin,Belgium,18,,
Rosières,Rosiere, Wisconsin,Belgium,18,,
Walhain,Walhain, Wisconsin,Belgium,18,,
Waterloo,Waterloo, New York,Belgium,18,,
Waterloo,Waterloo, Indiana,Belgium,18,,
Waterloo,Waterloo, Illinois,Belgium,18,,
Watervliet,Watervliet, New York,Belgium,18,,
Bolivia,Bolivia, North Carolina,Bolivia,26,,
La Paz,La Paz, Indiana,Bolivia,26,,
Potosí,Potosi, Missouri,Bolivia,26,,
Potosí,Potosi, Wisconsin,Bolivia,26,,
Brazil,Brazil, Indiana,Brazil,27,,
Pleven,Plevna, Montana,Bulgaria,20,,
Shumen (formerly: Shumla),Shumla, Texas,Bulgaria,20,,
Sofia,Sofia, New Mexico,Bulgaria,20,,
Varna,Varna, Illinois,Bulgaria,20,,
Inwa,Ava, New York,Myanmar,138,,
Mandalay,Mandalay, Louisiana,Myanmar,138,,
Acton,Acton Township, Minnesota,Canada,34,,
Alma,Alma, North Dakota,Canada,34,,
Amherst,Amherst, Wisconsin,Canada,34,,
Annapolis Valley,Annapolis, California,Canada,34,,
Ardoch,Ardoch, North Dakota,Canada,34,,
Auburn,Auburn, North Dakota,Canada,34,,
Aylmer,Alymer, North Dakota,Canada,34,,
Ayr,Ayr, Michigan,Canada,34,,
Beaverton,Beaverton, Michigan,Canada,34,,
Belleville,Belleville, Wisconsin,Canada,34,,
Brampton,Brampton, North Dakota,Canada,34,,
Brantford,Brantford, North Dakota,Canada,34,,
Calgary,Kalgary, Texas,Canada,34,,
Chatham-Kent,Chatham, Michigan,Canada,34,,
Cobourg,Coburg, Indiana,Canada,34,,
Conway,Conway, North Dakota,Canada,34,,
Devizes,Devizes, Kansas,Canada,34,,
Dundas,Dundas, Minnesota,Canada,34,,
Fenwick,Fenwick, Michigan,Canada,34,,
Fingal,Fingal, North Dakota,Canada,34,,
Galt,Galt, California,Canada,34,,
Gentilly,Gentilly Township, Minnesota,Canada,34,,
Glenburn,Glenburn, North Dakota,Canada,34,,
South Glengarry,Glengary, Idaho,Canada,34,,
Guelph,Guelph, North Dakota,Canada,34,,
Halifax,Halifax, Missouri,Canada,34,,
Hamilton,Hamilton, North Dakota,Canada,34,,
Hatley,Hatley, Wisconsin,Canada,34,,
Hemmingford,Hemingford, Nebraska,Canada,34,,
Holyrood,Holyrood, Kansas,Canada,34,,
Inglewood,Inglewood, California,Canada,34,,
Joliette,Joliette, North Dakota,Canada,34,,
Kenmore,Kenmore, Washington,Canada,34,,
Keswick Ridge,Keswick, Michigan,Canada,34,,
Kingston,Kingston, Wisconsin,Canada,34,,
Kinloss,Kinloss Township, Walsh County,Canada,34,,
Lindsay,Lindsay, Nebraska,Canada,34,,
Minto,Minto, North Dakota,Canada,34,,
Moncton,Monkton, Maryland,Canada,34,,
Montreal,Montreal, Missouri,Canada,34,,
Napanee,Naponee, Nebraska,Canada,34,,
Omemee,Omemee, North Dakota,Canada,34,,
Ontario,Ontario, California,Canada,34,,
Orillia,Orillia, Washington,Canada,34,,
Oshawa,Oshawa, Minnesota,Canada,34,,
Osnabruck,Osnabrock, North Dakota,Canada,34,,
Perth,Perth, North Dakota,Canada,34,,
Pictou,Pictou, Colorado,Canada,34,,
Quebec City,Quebec, Montana,Canada,34,,
Regina,Regina, New Mexico,Canada,34,,
Saint-Jean-sur-Richelieu,Saint John, North Dakota,Canada,34,,
St. Thomas,St. Thomas, North Dakota,Canada,34,,
Sarnia,Sarnia, North Dakota,Canada,34,,
Sherbrooke,Sherbrooke, North Dakota,Canada,34,,
Sydney,Sidney, North Dakota,Canada,34,,
Simcoe,Simcoe, North Dakota,Canada,34,,
Strabane,Strabane, North Dakota,Canada,34,,
Terrebonne,Terrebonne Township, Minnesota,Canada,34,,
Thedford,Thedford, Nebraska,Canada,34,,
Toronto,Toronto, Kansas,Canada,34,,
Toronto,Toronto, Ohio,Canada,34,,
Truro,Truro Township, Ohio,Canada,34,,
Uxbridge,Uxbridge, North Dakota,Canada,34,,
Watford,Watford City, North Dakota,Canada,34,,
Windsor,Windsor, North Dakota,Canada,34,,
Valparaíso,Valparaiso, Indiana,Chile,41,,
Beijing,Pekin, Illinois,China,43,,
Beijing,New Pekin, Indiana,China,43,,
Guangzhou,Canton, Georgia,China,43,,
Guangzhou,Canton, New York,China,43,,
Guangzhou,Canton, Ohio,China,43,,
Guangzhou,Canton, Massachusetts,China,43,,
Guangzhou,Canton, Michigan,China,43,,
Jilin City,Kiron, Iowa,China,43,,
Nanjing,Nankin Township, Michigan,China,43,,
Shanghai,Shanghai, West Virginia,China,43,,
Shanghai,Shanghai City, Illinois,China,43,,
Wusong,Woosung, Illinois,China,43,,
Bogotá,Bogota, Illinois,Colombia,44,,
Bogotá,Bogata, Texas,Colombia,44,,
Cuba,Cuba, Missouri,Cuba,46,,
,,,,,,
Cuba,Cuba Township, Lake County,Cuba,46,,
Havana,Havana, Illinois,Cuba,46,,
Matanzas,Matanzas, Kentucky,Cuba,46,,
Matanzas,Matanzas Beach, Illinois,Cuba,46,,
Miramar,Miramar, Florida,Cuba,46,,
Yara,Yara, Minnesota,Cuba,46,,
Beroun,Beroun, Minnesota,Czech Republic,50,,
Brno,Bruno, Nebraska,Czech Republic,50,,
Dolní Lou?ky,Loucky, Nebraska,Czech Republic,50,,
Domažlice (German: Taus),Taus, Wisconsin,Czech Republic,50,,
Frenštát pod Radhošt?m,Frenstat, Texas,Czech Republic,50,,
Frýdek-Místek,Frydek, Texas,Czech Republic,50,,
Horní Lou?ky,Loucky, Nebraska,Czech Republic,50,,
Hostýn,Hostyn, Texas,Czech Republic,50,,
Hradec Králové,New Hradec, North Dakota,Czech Republic,50,,
Karlín,Karlin, Michigan,Czech Republic,50,,
Karlín,Karlin, Missouri,Czech Republic,50,,
Karlovy Vary (German: Karlsbad),Carlsbad, New Mexico,Czech Republic,50,,
Kolín,Kolin, Louisiana,Czech Republic,50,,
Malín (part of Kutná Hora),Malin, Oregon,Czech Republic,50,,
Lidice,Lidice, Illinois,Czech Republic,50,,
Litice Castle,Lititz, Pennsylvania,Czech Republic,50,,
M?lník,Melnik, Wisconsin,Czech Republic,50,,
Nechanice,Nechanitz, Texas,Czech Republic,50,,
Olomouc (German: Olmütz),Olmitz, Kansas,Czech Republic,50,,
Pacov (German: Patzau),Patzau, Wisconsin,Czech Republic,50,,
Písek,Pisek, North Dakota,Czech Republic,50,,
Plze? (German: Pilsen),Pilsen, Kansas,Czech Republic,50,,
Prague,New Prague, Minnesota,Czech Republic,50,,
Prague,Prague, Oklahoma,Czech Republic,50,,
Protivín,Protivin, Iowa,Czech Republic,50,,
Rožnov pod Radhošt?m,Roznov, Texas,Czech Republic,50,,
Roztoky,Rostok, Wisconsin,Czech Republic,50,,
Slavkov u Brna (German: Austerlitz),Austerlitz, New York,Czech Republic,50,,
Tábor,Tabor Township, Minnesota,Czech Republic,50,,
Veselí nad Lužnicí,Veseli, Minnesota,Czech Republic,50,,
Vod?any,Vodnany, South Dakota,Czech Republic,50,,
Vsetín,Vsetin, Texas,Czech Republic,50,,
Copenhagen,Copenhagen, New York,Denmark,53,,
Helsingør,Elsinore, Utah,Denmark,53,,
Nysted,Nysted, Nebraska,Denmark,53,,
Odense,Odense, Kansas,Denmark,53,,
Ringsted,Ringsted, Iowa,Denmark,53,,
Torning,Torning Township, Minnesota,Denmark,53,,
Viborg,Viborg, South Dakota,Denmark,53,,
Quito,Quito, Tennessee,Ecuador,57,,
Cairo,Cairo, Illinois,Egypt,59,,
Cairo,Cairo, West Virginia,Egypt,59,,
Cairo,Cairo, Ohio,Egypt,59,,
Cairo,Cairo, Georgia,Egypt,59,,
Cairo,Cairo, New York,Egypt,59,,
Alexandria,Alexandria, Virginia,Egypt,59,,
Alexandria,Alexandria, Minnesota,Egypt,59,,
Alexandria,Alexandria, Louisiana,Egypt,59,,
Alexandria,Alexandria, New York,Egypt,59,,
Luxor,Luxor, Pennsylvania,Egypt,59,,
Memphis,Memphis, Tennessee,Egypt,59,,
Memphis,Memphis, Florida,Egypt,59,,
Memphis,Memphis, Missouri,Egypt,59,,
Memphis,Memphis, Texas,Egypt,59,,
Memphis,Memphis, Michigan,Egypt,59,,
Memphis,Memphis, New York,Egypt,59,,
Memphis,Memphis, Indiana,Egypt,59,,
Suez,Suez Township, Illinois,Egypt,59,,
Abingdon,Abingdon, Maryland,England,70,,
Acton,Acton, Maine,England,70,,
Alton,Alton, New Hampshire,England,70,,
Amesbury,Amesbury, Massachusetts,England,70,,
Great and Little Amwell,East Amwell Township, New Jersey,England,70,,
Andover,Andover, Massachusetts,England,70,,
Ashburnham,Ashburnham, Massachusetts,England,70,,
Ashton,Ashton, South Dakota,England,70,,
Aston,Aston Township, Pennsylvania,England,70,,
Attleborough,Attleboro, Massachusetts,England,70,,
Barnstaple,Barnstable, Massachusetts,England,70,,
Barton-upon-Humber,Barton, Maryland,England,70,,
Bath,Bath, Maine,England,70,,
Battle,Battle, Maryland,England,70,,
Beddington,Beddington, Maine,England,70,,
Bedminster,Bedminster, New Jersey,England,70,,
Beenham,Beenham, New Mexico,England,70,,
Berwick-upon-Tweed,Berwick, Maine,England,70,,
Beverley,Beverly, Massachusetts,England,70,,
Bexley,Bexley, Ohio,England,70,,
Bideford,Biddeford, Maine,England,70,,
Billericay,Billerica, Massachusetts,England,70,,
Birmingham,Birmingham, Alabama,England,70,,
Birmingham,Birmingham, Iowa,England,70,,
Birmingham,Birmingham, Michigan,England,70,,
Birmingham,Birmingham, Missouri,England,70,,
Blenheim Palace,Blenheim, South Carolina,England,70,,
Boothby,Boothbay, Maine,England,70,,
Boston,Boston, Massachusetts,England,70,,
Bowdon,Bowdon, North Dakota,England,70,,
Boxford,Boxford, Massachusetts,England,70,,
Bradford,Bradford, Massachusetts,England,70,,
Braintree,Braintree, Massachusetts,England,70,,
Brampton,Brampton, Michigan,England,70,,
Brentford,Branford, Connecticut,England,70,,
Brentwood,Brentwood, California,England,70,,
Brentwood,Brentwood, New Hampshire,England,70,,
,,,,,,
Bridlington,Burlington, New Jersey,England,70,,
Brighton,Brighton, Alabama,England,70,,
Brighton,New Brighton, Pennsylvania,England,70,,
Brimfield,Brimfield, Massachusetts,England,70,,
Brinklow,Brinklow, Maryland,England,70,,
Bristol,Bristol, Tennessee,England,70,,
Bristol,Bristol, Indiana,England,70,,
Bromley,Bromley, Kentucky,England,70,,
Broseley,Broseley, Missouri,England,70,,
Brunswick,Brunswick, Missouri,England,70,,
Buckingham,Buckingham, Pennsylvania,England,70,,
Bude,Bude, Mississippi,England,70,,
Burton upon Trent,Burton, Illinois,England,70,,
Bury,Woodbury, New Jersey,England,70,,
Buxton,Buxton, Maine,England,70,,
Calne,Caln Township, Pennsylvania,England,70,,
Cambridge,Cambridge, Massachusetts,England,70,,
Canterbury,Canterbury, Connecticut,England,70,,
Carlisle,Carlisle, Pennsylvania,England,70,,
Chalfont St Giles,Chalfont, Pennsylvania,England,70,,
Chatham,Chatham, Massachusetts,England,70,,
Chatsworth,Chatsworth, Illinois,England,70,,
Chelmsford,Chelmsford, Massachusetts,England,70,,
Chelsea,Chelsea, Massachusetts,England,70,,
Cheltenham,Cheltenham, Maryland,England,70,,
Chester,Chester, Illinois,England,70,,
Chesterfield,Chesterfield Township, New Jersey,England,70,,
Chichester,Upper Chichester Township, Pennsylvania,England,70,,
Chilham Castle,Chillum, Maryland,England,70,,
Chilmark,Chilmark, Massachusetts,England,70,,
Chipping Barnet,Barnet, Vermont,England,70,,
Claremont,Claremont, Virginia,England,70,,
Clifton,Clifton, North Dakota,England,70,,
Coalville,Coalville, Utah,England,70,,
Cobham,Cobham, Albemarle County,England,70,,
Colchester,Colchester, Connecticut,England,70,,
Coventry,Coventry, Connecticut,England,70,,
Crewe,Crewe, Virginia,England,70,,
Croydon,Croydon, New Hampshire,England,70,,
Danbury,Danbury, Connecticut,England,70,,
Danby,Danby, Vermont,England,70,,
Darlington,Darlington, Indiana,England,70,,
Dartmouth,Dartmouth, Massachusetts,England,70,,
Deal,Deal, New Jersey,England,70,,
Dedham,Dedham, Massachusetts,England,70,,
Deptford,Deptford Township, New Jersey,England,70,,
Derby,Derby, Connecticut,England,70,,
Dorchester,Dorchester, Boston,England,70,,
Dover,Dover, Delaware,England,70,,
Dover,Dover, New Jersey,England,70,,
Dunstable,Dunstable, Massachusetts,England,70,,
Durham,Durham, Connecticut,England,70,,
Durham,Durham, North Carolina,England,70,,
Duxbury Hall,Duxbury, Massachusetts,England,70,,
East Ardsley,Ardsley, New York,England,70,,
Easton Neston,Easton, Pennsylvania,England,70,,
Easton Neston,Easton, Massachusetts,England,70,,
East Raynham,Raynham, Massachusetts,England,70,,
Edgeley,Edgeley, North Dakota,England,70,,
Edgmond,Edgmont Township, Pennsylvania,England,70,,
Enfield Town,Enfield, Connecticut,England,70,,
Epping,Epping, New Hampshire,England,70,,
Epsom,Epsom, New Hampshire,England,70,,
Epworth,Epworth, Iowa,England,70,,
Eton,Eton, Georgia,England,70,,
Evesham,Evesham Township, New Jersey,England,70,,
Exeter,Exeter, New Hampshire,England,70,,
Falmouth,Falmouth, Massachusetts,England,70,,
Farmington,Farmington, Connecticut,England,70,,
Farnham,Farnham, Virginia,England,70,,
Foxhall,Foxton, Colorado,England,70,,
Framlingham,Framingham, Massachusetts,England,70,,
Glastonbury,Glastonbury, Connecticut,England,70,,
Gloucester,Gloucester, Massachusetts,England,70,,
Gravesend,Gravesend, New York,England,70,,
Great Barrington,Great Barrington, Massachusetts,England,70,,
Great Wilbraham,Wilbraham, Massachusetts,England,70,,
Great Yarmouth,Yarmouth, Massachusetts,England,70,,
Greenwich,Greenwich, Connecticut,England,70,,
Groton,Groton, Massachusetts,England,70,,
Guildford,Guilford, Connecticut,England,70,,
Much Hadham and Little Hadham,Haddam, Connecticut,England,70,,
Hadleigh,Hadley, Massachusetts,England,70,,
Halifax,Halifax, Massachusetts,England,70,,
Hampstead,Hampstead, New Hampshire,England,70,,
Hampton,Hampton, New Hampshire,England,70,,
Harpswell,Harpswell, Maine,England,70,,
Harrogate,Harrogate, Tennessee,England,70,,
Harwich,Harwich Port, Massachusetts,England,70,,
Hastings,Hastings-on-Hudson, New York,England,70,,
Hatfield,Hatfield, Massachusetts,England,70,,
Haverhill,Haverhill, Massachusetts,England,70,,
Haworth,Haworth, New Jersey,England,70,,
Hemel Hempstead,Hempstead, New York,England,70,,
Hereford,Hereford, South Dakota,England,70,,
Hertford,Hartford, Connecticut,England,70,,
Highgate,Highgate, Vermont,England,70,,
Hillington,Hillington, Wisconsin,England,70,,
Hingham,Hingham, Massachusetts,England,70,,
Huntingdon,Huntingdon, Pennsylvania,England,70,,
Ilchester,Ilchester, Maryland,England,70,,
Ipswich,Ipswich, Massachusetts,England,70,,
Islip,Islip, New York,England,70,,
Kennett,Kennett Square, Pennsylvania,England,70,,
Kenilworth,Killingworth, Connecticut,England,70,,
Kensington,Kensington, Maryland,England,70,,
Keswick,Keswick, California,England,70,,
Kimbolton,Kimbolton, Ohio,England,70,,
King's Lynn,Lynn, Massachusetts,England,70,,
Kingston upon Hull,Hull, Massachusetts,England,70,,
Lancaster,Lancaster, Pennsylvania,England,70,,
Langley,Langley, South Carolina,England,70,,
Laxton,Lexington, Massachusetts,England,70,,
Leamington Spa,Leamington, Utah,England,70,,
Leeds,Leeds, Alabama,England,70,,
Leominster,Leominster, Massachusetts,England,70,,
Lewes,Lewes, Delaware,England,70,,
Limington,Limington, Maine,England,70,,
Lincoln,Lincoln, Massachusetts,England,70,,
Lichfield,Litchfield, Connecticut,England,70,,
Liverpool,Liverpool, New York,England,70,,
London,New London, Connecticut,England,70,,
London,London, Kentucky,England,70,,
London,New London, Missouri,England,70,,
Longton,Longton, Kansas,England,70,,
Ludlow,Ludlow, Massachusetts,England,70,,
Lyme Regis,Lyme, Connecticut,England,70,,
Maidstone,Maidstone, Vermont,England,70,,
Maldon,Malden, Massachusetts,England,70,,
Malvern,Malverne, New York,England,70,,
Malvern,Malvern Hill, Virginia,England,70,,
Malvern,Malvern, Pennsylvania,England,70,,
Manchester,North Manchester, Indiana,England,70,,
Manchester,Manchester, Missouri,England,70,,
Manchester,Manchester, New Hampshire,England,70,,
Mansfield,Mansfield Township, New Jersey,England,70,,
Margate,Margate City, New Jersey,England,70,,
Marlborough,Marlborough, Massachusetts,England,70,,
Marlow,Marlow, New Hampshire,England,70,,
Matfield,Matfield Green, Kansas,England,70,,
Matlock,Matlock, Iowa,England,70,,
Mendham,Mendon, Massachusetts,England,70,,
Meriden,Meriden, Connecticut,England,70,,
Middlesbrough,Middlesboro, Kentucky,England,70,,
Middlesex,West Middlesex, Pennsylvania,England,70,,
Milford,Milford, Connecticut,England,70,,
Modbury,Madbury, New Hampshire,England,70,,
Needham Market,Needham, Massachusetts,England,70,,
Nether Winchendon,Winchendon, Massachusetts,England,70,,
Newark-on-Trent,Newark, New Jersey,England,70,,
Newbury,Newbury, Massachusetts,England,70,,
Newcastle upon Tyne,Newcastle, Texas,England,70,,
Newcastle upon Tyne,New Castle, Pennsylvania,England,70,,
Newmarket,Newmarket, New Hampshire,England,70,,
Newstead Abbey,Newstead, New York,England,70,,
Northampton,Northampton, Massachusetts,England,70,,
Norton,Norton, Massachusetts,England,70,,
Norwich,Norwich, Connecticut,England,70,,
Nottingham,Nottingham, New Jersey,England,70,,
Oakham,Oakham, Massachusetts,England,70,,
Oldham,Oldham, South Dakota,England,70,,
Olney,Olney, Maryland,England,70,,
Oxford,Oxford, Mississippi,England,70,,
Oxford,Oxford, Ohio,England,70,,
Penn,Penn, North Dakota,England,70,,
Petersham,Petersham, Massachusetts,England,70,,
Plaistow,Plaistow, New Hampshire,England,70,,
Plymouth,Plymouth, Massachusetts,England,70,,
Plymouth,Plymouth, Indiana,England,70,,
Pontefract,Pomfret, Connecticut,England,70,,
Portsmouth,Portsmouth, Virginia,England,70,,
Preston,Preston, Connecticut,England,70,,
Raynham,Raynham, Massachusetts,England,70,,
Reading,Reading, Pennsylvania,England,70,,
Reigate,Ryegate, Vermont,England,70,,
Reydon,Reydon, Oklahoma,England,70,,
Richmond,Richmond, Virginia,England,70,,
Ridley,Ridley Park, Pennsylvania,England,70,,
Ripon,Ripon, Wisconsin,England,70,,
Rochdale,Rochdale Village, Queens New York,England,70,,
Rochester,Rochester, Massachusetts,England,70,,
Rowley,Rowley, Massachusetts,England,70,,
Royal Tunbridge Wells,Tunbridge, North Dakota,England,70,,
Rugby,Rugby, North Dakota,England,70,,
Runnymede,Runnymede, Kansas,England,70,,
Ryde,Ryde, California,England,70,,
Rye,Rye, New Hampshire,England,70,,
St Albans,St. Albans, Vermont,England,70,,
Salisbury,Salisbury, Maryland,England,70,,
Sandown,Sandown, New Hampshire,England,70,,
Sandwich,Sandwich, Massachusetts,England,70,,
Scarborough,Scarborough, Maine,England,70,,
Shadwell,Shadwell, Virginia,England,70,,
Sheffield,Sheffield, Massachusetts,England,70,,
Shrewsbury,Shrewsbury, Massachusetts,England,70,,
Skelton,Skelton, West Virginia,England,70,,
Smithfield,Smithfield, Rhode Island,England,70,,
Somerset,Somerset County, Pennsylvania,England,70,,
Sotterley,Sotterley (Hollywood, Maryland),England,70,,
Southampton,Southampton, New York,England,70,,
South Norwood,Norwood, Massachusetts,England,70,,
Southwark,Southwark, Philadelphia,England,70,,
Springfield,Springfield, Massachusetts,England,70,,
Stamford,Stamford, Connecticut,England,70,,
Staplehurst,Staplehurst, Nebraska,England,70,,
Stockbridge,Stockbridge, Massachusetts,England,70,,
Stockport,Stockport, Ohio,England,70,,
Stockton-on-Tees,Stockton Springs, Maine,England,70,,
Stourbridge,Sturbridge, Massachusetts,England,70,,
Stow,Stow, Massachusetts,England,70,,
Stratford-upon-Avon,Stratford, Connecticut,England,70,,
Sudbury,Sudbury, Massachusetts,England,70,,
Sunbury-on-Thames,Sunbury, Pennsylvania,England,70,,
Sutton Scarsdale,Scarsdale, New York,England,70,,
Taunton,Taunton, Massachusetts,England,70,,
Tewkesbury,Tewksbury, Massachusetts,England,70,,
Thornbury,Thornbury Township, Pennsylvania,England,70,,
Teignmouth,Tinmouth, Vermont,England,70,,
Tisbury,Tisbury, Massachusetts,England,70,,
Tolland,Tolland, Connecticut,England,70,,
Toppesfield,Topsfield, Massachusetts,England,70,,
Topsham,Topsham, Maine,England,70,,
Trafford,Trafford, Pennsylvania,England,70,,
Truro,Truro, Massachusetts,England,70,,
Turton,Turton, South Dakota,England,70,,
Ventnor,Ventnor City, New Jersey,England,70,,
Wakefield,Wakefield, New Hampshire,England,70,,
Wallingford,Wallingford, Pennsylvania,England,70,,
Wantage,Wantage Township, New Jersey,England,70,,
Wareham,Wareham, Massachusetts,England,70,,
Warminster,Warminster, Pennsylvania,England,70,,
Warwick,Warwick, Pennsylvania,England,70,,
Wellingborough,Willingboro Township, New Jersey,England,70,,
Wells,Wells, Maine,England,70,,
Wenham Magna,Wenham, Massachusetts,England,70,,
Westminster,Westminster, California,England,70,,
Weymouth,Weymouth, Massachusetts,England,70,,
Wickford,Wickford, Rhode Island,England,70,,
Willoughby,Williba, Kentucky,England,70,,
Wilmington,New Wilmington, Pennsylvania,England,70,,
Wilmington,Wilmington, North Carolina,England,70,,
Wilton,Wilton, New Hampshire,England,70,,
Wimbledon,Wimbledon, North Dakota,England,70,,
Winchester,Winchester, Virginia,England,70,,
Windsor,Windsor, Maine,England,70,,
Woburn,Woburn, Massachusetts,England,70,,
Woodstock,Woodstock, Alabama,England,70,,
Woolwich,Woolwich, Maine,England,70,,
Worcester,Worcester, Massachusetts,England,70,,
Wrentham,Wrentham, Massachusetts,England,70,,
Wylam,Wylam, Alabama,England,70,,
Wymondham,Windham, Maine,England,70,,
York,York, Pennsylvania,England,70,,
Finland,Finland, Minnesota,Finland,63,,
Liminka,Liminga, Michigan,Finland,63,,
Oulu,Oulu, Wisconsin,Finland,63,,
Paavola,Paavola, Michigan,Finland,63,,
Pori,Pori, Michigan,Finland,63,,
Salo,Salo Township, Minnesota,Finland,63,,
Tapiola,Tapiola, Michigan,Finland,63,,
Toijala,Toivola, Michigan,Finland,63,,
Toijala,Toivola Township, Minnesota,Finland,63,,
Vaasa,Wasas, Michigan,Finland,63,,
Abbeville,Abbeville, Louisiana,France,68,,
Aix-en-Provence,Aix, Indiana,France,68,,
Avallon,Avalon, Missouri,France,68,,
Bayonne,Bayonne, Nebraska,France,68,,
Bayonne,Bayonne, New Jersey,France,68,,
Beaufort-en-Anjou,Beaufort, South Carolina,France,68,,
Belfort,Belfort, Ohio,France,68,,
Bethune,Bethune, Colorado,France,68,,
Bordeaux,Bardo, Kentucky,France,68,,
Bordeaux,Bordeaux, South Carolina,France,68,,
Boulogne-sur-Mer,Boulogne, Florida,France,68,,
Calais,Calais, Maine,France,68,,
Château de la Grange-Bléneau,LaGrange, Georgia,France,68,,
Châteaugay,Chateaugay, New York,France,68,,
Chantilly,Chantilly, Missouri,France,68,,
Cherbourg,Cherbourg, North Carolina,France,68,,
Clermont-Ferrand,Clermont, Florida,France,68,,
Colmar,Colmar, Illinois,France,68,,
Dunkirk,Dunkirk, New York,France,68,,
Exermont,Exermont, Illinois,France,68,,
Ferney-Voltaire,Ferney, South Dakota,France,68,,
Grenoble,Grenoble, Pennsylvania,France,68,,
Guyencourt,Guyencourt, Delaware,France,68,,
La Rochelle,New Rochelle, New York,France,68,,
Le Havre,Havre de Grace, Maryland,France,68,,
Lille,Lisle, New York,France,68,,
Lourdes,Lourdes, Iowa,France,68,,
Lyon,Lyons, New York,France,68,,
Lyon,Lyon, Mississippi,France,68,,
Marseille,Marseilles, Illinois,France,68,,
Menton,Mentone, Texas,France,68,,
Metz,Metz, Missouri,France,68,,
Montpellier,Montpelier, Vermont,France,68,,
Montpellier,Montpelier, Ohio,France,68,,
Montpellier,Montpelier, Indiana,France,68,,
Nice,Nice, California,France,68,,
Orléans,Orleans, New York,France,68,,
Paris,Paris, Arkansas,France,68,,
Paris,Paris, Idaho,France,68,,
Paris,Paris, Illinois,France,68,,
Paris,Paris, Kentucky,France,68,,
Paris,Paris, Maine,France,68,,
Paris,Paris, Missouri,France,68,,
Paris,Paris, New York,France,68,,
Paris,Paris, Tennessee,France,68,,
Paris,Paris, Texas,France,68,,
Roanne,Roann, Indiana,France,68,,
Roubaix,Roubaix, South Dakota,France,68,,
Saint-Cloud,St. Cloud, Minnesota,France,68,,
Sainte-Mère-Église,Ste. Mere Eglise, North Carolina,France,68,,
Saint-Omer,Saint Omer, Indiana,France,68,,
Sedan,Sedan, Kansas,France,68,,
Strasbourg,Strasburg, Pennsylvania,France,68,,
Toulon,Toulon, Kansas,France,68,,
Valmy,Valmy, Nevada,France,68,,
Vaucluse,Vaucluse, South Carolina,France,68,,
Verdun,Verdunville, West Virginia,France,68,,
Versailles,Versailles, Kentucky,France,68,,
Versailles,North Versailles, Pennsylvania,France,68,,
Versailles,Versailles, Missouri,France,68,,
Vichy,Vichy, Missouri,France,68,,
Vincennes,Vincennes, Indiana,France,68,,
Wissembourg,Weisenberg Township, Pennsylvania,France,68,,
Tbilisi,Tiflis, Washington,Georgia,72,,
Altona,Altona, New York,Germany,51,,
Amelith,Amelith, Michigan,Germany,51,,
Arnsberg,Arnsberg, Missouri,Germany,51,,
Augsburg,Augsburg, Illinois,Germany,51,,
Baden-Baden,Baden, Pennsylvania,Germany,51,,
Bad Pyrmont,Pyrmont, Ohio,Germany,51,,
Benzen,Bensenville, Illinois,Germany,51,,
Bergholz,Bergholz, New York,Germany,51,,
Berlin,Berlin, Connecticut,Germany,51,,
Berlin,Berlin, Georgia,Germany,51,,
Berlin,Berlin, New Hampshire,Germany,51,,
Berlin,Berlin, New York,Germany,51,,
Berlin,Berlin, Pennsylvania,Germany,51,,
Berlin,Berlin, Wisconsin,Germany,51,,
Berlin,Berlin, Vermont,Germany,51,,
Berlin,East Berlin, Pennsylvania,Germany,51,,
Berlin,New Berlin, Pennsylvania,Germany,51,,
Bingen am Rhein,Bingen, Washington,Germany,51,,
Blindheim,Blenheim, New Jersey,Germany,51,,
Bonn,Bonn, Ohio,Germany,51,,
Braunschweig,Brunswick, Indiana,Germany,51,,
Bremen,Bremen, Georgia,Germany,51,,
Bremen,Bremen, Indiana,Germany,51,,
Brilon,Brillion, Wisconsin,Germany,51,,
Coburg,Coburg, Oregon,Germany,51,,
Cologne,Cologne, Minnesota,Germany,51,,
Cottbus,Cottbus, Missouri,Germany,51,,
Crivitz,Crivitz, Wisconsin,Germany,51,,
Darmstadt,Darmstadt, Indiana,Germany,51,,
Dissen,Dissen, Missouri,Germany,51,,
Dolberg,Dolberg, Oklahoma,Germany,51,,
Dresden,Dresden, Kansas,Germany,51,,
Durlach,Dorloo, New York,Germany,51,,
Dutzow,Dutzow, Missouri,Germany,51,,
Eitzen,Eitzen, Minnesota,Germany,51,,
Elberfeld,Elberfeld, Indiana,Germany,51,,
Emden,Emden, Illinois,Germany,51,,
Emmerich am Rhein,Emrick, North Dakota,Germany,51,,
Ettersburg,Ettersburg, California,Germany,51,,
Flensburg,Flensburg, Minnesota,Germany,51,,
Frankfurt-am-Main,Frankfort, Illinois,Germany,51,,
Freiburg,Friberg Township, Minnesota,Germany,51,,
Fulda,Fulda, Minnesota,Germany,51,,
Glandorf,Glandorf, Ohio,Germany,51,,
Gotha,Gotha, Florida,Germany,51,,
Hamburg,Hamburg, New York,Germany,51,,
Hannover,Hanover, Pennsylvania,Germany,51,,
Heidelberg,Heidelberg, Pennsylvania,Germany,51,,
Hohenlinden,Lynden, Washington,Germany,51,,
Jena,Jena, Alabama,Germany,51,,
Jena,Jena, Louisiana,Germany,51,,
Karlsruhe,Karlsruhe, North Dakota,Germany,51,,
Kiel,Kiel, Wisconsin,Germany,51,,
Landau,Lando, South Carolina,Germany,51,,
Lastrup,Lastrup, Minnesota,Germany,51,,
Leipzig,Leipsic, Ohio,Germany,51,,
Lennep,Lennep, Montana,Germany,51,,
Lübeck,Lubec, Maine,Germany,51,,
Lützen,Lutsen Township, Minnesota,Germany,51,,
Mannheim,Manheim, Pennsylvania,Germany,51,,
Mainz,Mentz, New York,Germany,51,,
Marne,Marne, Iowa,Germany,51,,
Marne,Marne, Michigan,Germany,51,,
Melle,New Melle, Missouri,Germany,51,,
Meppen,Meppen, Illinois,Germany,51,,
Minden,Minden, Louisiana,Germany,51,,
Münster,Muenster, Texas,Germany,51,,
Munich,Munich, North Dakota,Germany,51,,
Neuburg an der Donau,Newberg, Oregon,Germany,51,,
Neu-Ulm,New Ulm, Minnesota,Germany,51,,
Niederfrohna,Frohna, Missouri,Germany,51,,
Norden,Norden, Nebraska,Germany,51,,
Offenburg,New Offenburg, Missouri,Germany,51,,
Oldenburg,Oldenburg, Indiana,Germany,51,,
Olpe,Olpe, Kansas,Germany,51,,
Paderborn,Paderborn, Illinois,Germany,51,,
Paitzdorf,Uniontown, Missouri,Germany,51,,
Potsdam,Potsdam, New York,Germany,51,,
Rheinberg,Reinbeck, Iowa,Germany,51,,
Rheydt,Rheiderland Township, Minnesota,Germany,51,,
Riegel am Kaiserstuhl,New Riegel, Ohio,Germany,51,,
Seelitz,Seelitz, Missouri,Germany,51,,
Stendal,Stendal, Indiana,Germany,51,,
Stuttgart,Stuttgart, Arkansas,Germany,51,,
Trier,New Trier, Minnesota,Germany,51,,
Ulm,New Ulm, Texas,Germany,51,,
Wartburg Castle,Wartburg, Tennessee,Germany,51,,
Weimar,Weimar, Texas,Germany,51,,
Weingarten,Weingarten, Missouri,Germany,51,,
Weinsberg,Winesburg, Ohio,Germany,51,,
Welda,Welda, Kansas,Germany,51,,
Wittenberg,Wittenberg, Missouri,Germany,51,,
Worms,Worms, Nebraska,Germany,51,,
Zell am Harmersbach,Zell, Missouri,Germany,51,,
Athens,Athens, Alabama,Greece,82,,
Athens,Athens, Georgia,Greece,82,,
Athens,Athens, Ohio,Greece,82,,
Athens,Athens, New York,Greece,82,,
Athens,Athens, Texas,Greece,82,,
Athens,New Athens, Illinois,Greece,82,,
Larissa,Larissa, Texas,Greece,82,,
Larissa,Larissa, Arizona,Greece,82,,
Nafpaktos (Venetian: Lepanto),Lepanto, Arkansas,Greece,82,,
Tempe,Tempe, Arizona,Greece,82,,
Thessaloniki,Salona, Pennsylvania,Greece,82,,
Volos,Volo, Illinois,Greece,82,,
Copán,Copan, Oklahoma,Honduras,90,,
Buda,Buda, Illinois,Hungary,93,,
Budapest,Budapest, Georgia,Hungary,93,,
Szombathely,Siberia, Indiana,Hungary,93,,
Tokaj,Tokaj, Georgia,Hungary,93,,
Akranes,Akra Township, North Dakota,Iceland,102,,
Þingvellir,Thingvalla Township, North Dakota,Iceland,102,,
Almora,Almora, Illinois,India,98,,
Chennai,Madras, Oregon,India,98,,
Delhi,Delhi Township, Michigan,India,98,,
Delhi,Delhi, New York,India,98,,
Delhi,Delhi, California,India,98,,
Golkonda,Golconda, Illinois,India,98,,
Kolkata,Calcutta, Ohio,India,98,,
Lucknow,Lucknow, Pennsylvania,India,98,,
Mumbai,Bombay, New York,India,98,,
Shimla,Simla, Colorado,India,98,,
Vadodara,Baroda, Michigan,India,98,,
Vrindavan,New Vrindaban, West Virginia,India,98,,
Baghdad,Bagdad, Arizona,Iraq,100,,
Baghdad,Bagdad, Florida,Iraq,100,,
Baghdad,Bagdad, Kentucky,Iraq,100,,
Ardmore,Ardmore, Pennsylvania,Ireland,95,,
County Antrim,Antrim County, Michigan,Ireland,95,,
Athlone,Athlone, California,Ireland,95,,
Avoca,Avoca, Pennsylvania,Ireland,95,,
Bandon,Bandon, Oregon,Ireland,95,,
Bantry,Bantry, North Dakota,Ireland,95,,
Carbury,Carbury, North Dakota,Ireland,95,,
Carrick-on-Suir,Carrick, Pennsylvania,Ireland,95,,
Cashel,Cashel Township, Minnesota,Ireland,95,,
Castlefin,Castle Fin, Illinois,Ireland,95,,
County Clare,Clare, Michigan,Ireland,95,,
Clonmel,Clonmel, Kansas,Ireland,95,,
Clontarf,Clontarf, Minnesota,Ireland,95,,
Cork,Cork, Georgia,Ireland,95,,
Croom,Croom, Maryland,Ireland,95,,
Dollymount,Dollymount Township, Minnesota,Ireland,95,,
County Donegal,Donegal, Pennsylvania,Ireland,95,,
Donnybrook,Donnybrook, North Dakota,Ireland,95,,
Dromore,Drumore Township, Pennsylvania,Ireland,95,,
Dublin,Dublin, California,Ireland,95,,
Dublin,Dublin, Georgia,Ireland,95,,
Dublin,Dublin, New Hampshire,Ireland,95,,
Dublin,Dublin, Ohio,Ireland,95,,
Dublin,Dublin, Texas,Ireland,95,,
Duncannon,Duncannon, Pennsylvania,Ireland,95,,
Dundalk,Dundalk, Maryland,Ireland,95,,
Greencastle,Greencastle, Pennsylvania,Ireland,95,,
Kenmare,Kenmare, North Dakota,Ireland,95,,
Kildare,Kildare, Wisconsin,Ireland,95,,
Kilkenny,Kilkenny, Minnesota,Ireland,95,,
Killarney,Killarney, Florida,Ireland,95,,
Kinsale,Kinsale, Virginia,Ireland,95,,
Letterkenny,Letterkenny Township, Pennsylvania,Ireland,95,,
Limerick,Limerick, Maine,Ireland,95,,
Lismore,Lismore, Minnesota,Ireland,95,,
Lucan,Lucan, Minnesota,Ireland,95,,
Menlo,Menlo Park, California,Ireland,95,,
Monaghan,Monaghan Township, Pennsylvania,Ireland,95,,
Moville,Moville, Iowa,Ireland,95,,
Rathdrum,Rathdrum, Idaho,Ireland,95,,
County Roscommon,Roscommon, Michigan,Ireland,95,,
Sligo,Sligo, Pennsylvania,Ireland,95,,
Tralee,Tralee, West Virginia,Ireland,95,,
County Tyrone,Tyrone Township, Kent County,Ireland,95,,
County Tyrone,Tyrone Township, Livingston County,Ireland,95,,
Waterford,Waterford, Connecticut,Ireland,95,,
Waterford,Waterford, Virginia,Ireland,95,,
Westport,Westport, Wisconsin,Ireland,95,,
County Wexford,Wexford County, Michigan,Ireland,95,,
County Wexford,Wexford, Pennsylvania,Ireland,95,,
Aosta Valley,Valdosta, Georgia,Italy,103,,
Ancona,Ancona, Illinois,Italy,103,,
Anzio,Anzio Acres, North Carolina,Italy,103,,
Arcole,Arcola, Missouri,Italy,103,,
Asti,Asti, California,Italy,103,,
Carrara,Carrara, Nevada,Italy,103,,
Como,Como, Missouri,Italy,103,,
Cremona,Cremona, Maryland,Italy,103,,
Florence,Florence, Alabama,Italy,103,,
Genoa,Genoa, New York,Italy,103,,
Genoa,Genoa, Nebraska,Italy,103,,
Genoa,Genoa, Nevada,Italy,103,,
Genoa,Genoa, Wisconsin,Italy,103,,
Imola,Imola, California,Italy,103,,
La Verna,Alverno, Wisconsin,Italy,103,,
Lido di Venezia,Lido Beach, New York,Italy,103,,
Lodi,Lodi, New Jersey,Italy,103,,
Lodi,Lodi, New York,Italy,103,,
Lodi,Lodi, California,Italy,103,,
Lodi,Lodi, Wisconsin,Italy,103,,
Loreto,Loretto, Pennsylvania,Italy,103,,
Mantua,Mantua, Alabama,Italy,103,,
Mantua,Mantua, Ohio,Italy,103,,
Milan,Milan, Illinois,Italy,103,,
Milan,Milan, Michigan,Italy,103,,
Milan,Milan, Missouri,Italy,103,,
Milan,Milan, New Hampshire,Italy,103,,
Milan,Milan, Ohio,Italy,103,,
Milan,Milan, Tennessee,Italy,103,,
Milan,Milan, Indiana,Italy,103,,
Modena,Modena, Missouri,Italy,103,,
,,,,,,
,,,,,,
Mondovì,Mondovi, Wisconsin,Italy,103,,
Naples,Naples, Florida,Italy,103,,
Naples,Naples, Idaho,Italy,103,,
Naples,Naples, New York,Italy,103,,
Padua,Padua, Ohio,Italy,103,,
Palermo,Palermo, California,Italy,103,,
Parma,Parma, Ohio,Italy,103,,
Parma,Parma, Idaho,Italy,103,,
Pavia,Pavia, Pennsylvania,Italy,103,,
Ravenna,Ravenna, Ohio,Italy,103,,
Rome,Rome, Georgia,Italy,103,,
Rome,Rome, New York,Italy,103,,
Rome,Rome City, Indiana,Italy,103,,
Salerno,Port Salerno, Florida,Italy,103,,
Savona,Savona, New York,Italy,103,,
Sorrento,Sorrento, Louisiana,Italy,103,,
Spinetta Marengo,Marengo, Illinois,Italy,103,,
Subiaco,Subiaco, Arkansas,Italy,103,,
Taranto,Tarentum, Pennsylvania,Italy,103,,
Tivoli,Tivoli, Texas,Italy,103,,
Trento,Trent, Minnesota,Italy,103,,
Turin,Turin, Georgia,Italy,103,,
Venice,Venice Beach, California,Italy,103,,
Venice,Venice, Florida,Italy,103,,
Venice,Venice, Illinois,Italy,103,,
Venice,Venice, Missouri,Italy,103,,
Verona,Verona, New Jersey,Italy,103,,
Verona,Venice, Los Angeles,Italy,103,,
Verona,Verona, Pennsylvania,Italy,103,,
Verona,,,Italy,103,,
Riga,Riga, Michigan,Latvia,128,,
Livonia,Livonia, Indiana,Latvia,128,,
Lebanon,Lebanon, Tennessee,Lebanon,120,,
Lebanon,Lebanon, Missouri,Lebanon,120,,
Lebanon,Lebanon, Connecticut,Lebanon,120,,
Lebanon,Lebanon, Indiana,Lebanon,120,,
Lebanon,Lebanon, Oregon,Lebanon,120,,
Baalbek,Balbec, Indiana,Lebanon,120,,
Mount Lebanon,Mt. Lebanon, Pennsylvania,Lebanon,120,,
Tripoli,New Tripoli, Pennsylvania,Libya,129,,
Vilnius,Wilno, Minnesota,Lithuania,126,,
Timbuktu,Timbuctoo, California,Mali,137,,
Acala Municipality,Acala, Texas,Mexico,149,,
Alvarado,Alvarado, Texas,Mexico,149,,
Arizpe,Arispie Township, Illinois,Mexico,149,,
Atlixco,Atrisco Land Grant, New Mexico,Mexico,149,,
Buena Vista,Buena Vista, Michigan,Mexico,149,,
Buena Vista,Buena Vista, Mississippi,Mexico,149,,
Buena Vista,Buena Vista Township, New Jersey,Mexico,149,,
Camargo,Camargo, Illinois,Mexico,149,,
Camargo Municipality,Camargo, Kentucky,Mexico,149,,
Chalco de Díaz Covarrubias,Chalco, Nebraska,Mexico,149,,
Churubusco,Churubusco, Indiana,Mexico,149,,
Córdoba,Cordova, Alabama,Mexico,149,,
Durango City,Durango, Colorado,Mexico,149,,
La Paz,La Paz, Arizona,Mexico,149,,
León,Leon, Monroe County,Mexico,149,,
Magdalena Contreras,Contreras, Indiana,Mexico,149,,
Matamoros,Matamoras, Ohio,Mexico,149,,
Matamoros,Matamoras, Pennsylvania,Mexico,149,,
Mexico,Mexico, Maine,Mexico,149,,
Mexico,Mexico, Missouri,Mexico,149,,
Ciudad Mier,Mier, Indiana,Mexico,149,,
Monterrey,Monterey, Indiana,Mexico,149,,
Parral,Parral, Ohio,Mexico,149,,
Perote,Perote, Alabama,Mexico,149,,
Saltillo,Saltillo, Indiana,Mexico,149,,
Talpa de Allende,Talpa, New Mexico,Mexico,149,,
Tampico,Tampico, Washington,Mexico,149,,
Taxco,Tasco, Kansas,Mexico,149,,
Toluca,Toluca, Illinois,Mexico,149,,
Veracruz,Vera Cruz, Indiana,Mexico,149,,
Xalapa,Jalapa, Tennessee,Mexico,149,,
Essaouira,Mogadore, Ohio,Morocco,130,,
Casablanca,Casablanca, North Carolina,Morocco,130,,
Morocco,Morocco, Indiana,Morocco,130,,
Tangier,Tangier, Virginia,Morocco,130,,
Antrim,Antrim, Ohio,Northern Ireland,239,,
Armagh,Armagh, Pennsylvania,Northern Ireland,239,,
Belfast,Belfast, Maine,Northern Ireland,239,,
Charlemont,Charlemont, Massachusetts,Northern Ireland,239,,
Coleraine,Colerain, North Carolina,Northern Ireland,239,,
Derry,Londonderry, New Hampshire,Northern Ireland,239,,
Derry,Derry, New Hampshire,Northern Ireland,239,,
Derry,Derry, New Mexico,Northern Ireland,239,,
Derry,Derry, Pennsylvania,Northern Ireland,239,,
Dungannon,Dungannon, Virginia,Northern Ireland,239,,
Glenarm,Glenarm, Kentucky,Northern Ireland,239,,
Lisburn,Lisburn, Pennsylvania,Northern Ireland,239,,
Lurgan,Lurgan Township, Pennsylvania,Northern Ireland,239,,
Newry,Newry, Maine,Northern Ireland,239,,
Rostrevor,Rostraver Township, Pennsylvania,Northern Ireland,239,,
Strabane,Straban Township, Pennsylvania,Northern Ireland,239,,
Ulster,Ulster Township, Bradford County,Northern Ireland,239,,
Arendal,Arendal Township, Minnesota,Norway,159,,
Aurdal,Aurdal Township, Minnesota,Norway,159,,
Bergen,Bergen, New Jersey,Norway,159,,
Bergen,Bergen, New York,Norway,159,,
Bygland,Bygland Township, Minnesota,Norway,159,,
Dovre,Dovray, Minnesota,Norway,159,,
Drammen,Drammen, Wisconsin,Norway,159,,
Eidsvoll,Eidsvold Township, Minnesota,Norway,159,,
Folden,Folden Township, Minnesota,Norway,159,,
Fossum,Fossum Township, Minnesota,Norway,159,,
Fron,Frohn Township, Minnesota,Norway,159,,
Hamar,Hamar, North Dakota,Norway,159,,
Hammerfest,Hammerfest, North Dakota,Norway,159,,
Heddal,Hitterdal, Minnesota,Norway,159,,
Hoffland,Hovland, Minnesota,Norway,159,,
Kongsberg,Kongsberg, North Dakota,Norway,159,,
Lier,Leer, Michigan,Norway,159,,
Nedstrand,Nerstrand, Minnesota,Norway,159,,
Norway,Norway, Maine,Norway,159,,
Norum Parish,Norum, North Dakota,Norway,159,,
Oslo,Oslo, Minnesota,Norway,159,,
Paulsbo,Poulsbo, Washington,Norway,159,,
Sandnes,Sandnes Township, Minnesota,Norway,159,,
Solum,New Solum Township, Minnesota,Norway,159,,
Solør,Soler Township, Minnesota,Norway,159,,
Stavanger,Stavanger, Illinois,Norway,159,,
Sundal,Sundal Township, Minnesota,Norway,159,,
Trondheim,Nidaros Township, Minnesota,Norway,159,,
Trysil,Trysil, North Dakota,Norway,159,,
Tynset,Tynsid Township, Minnesota,Norway,159,,
Kalat,Kelat, Kentucky,Pakistan,170,,
Lahore,Lahore, Virginia,Pakistan,170,,
Palestine,Palestine, Ohio,Palestine,238,,
Palestine,East Palestine, Ohio,Palestine,238,,
Colón,Colon, Michigan,Panama,165,,
Panama City,Panama City, Florida,Panama,165,,
Portobelo,Portobello, Maryland,Panama,165,,
Callao,Callao, Utah,Peru,166,,
Callao,Callao, Missouri,Peru,166,,
Cerro de Pasco,Pasco, Washington,Peru,166,,
Cusco,Cuzco, Indiana,Peru,166,,
Lima,Lima, Ohio,Peru,166,,
Perú,Peru, Nebraska,Peru,166,,
Perú,Peru, Illinois,Peru,166,,
Perú,Peru, New York,Peru,166,,
Perú,Peru, Indiana,Peru,166,,
Perú,Peru, Kansas,Peru,166,,
Perú,Peru, Pennsylvania,Peru,166,,
Perú,Peru, Vermont,Peru,166,,
Perú,Peru, Maine,Peru,166,,
Perú,Peru, Iowa,Peru,166,,
Perú,Peru, West Virginia,Peru,166,,
Manila,Manila, Arkansas,Philippines,169,,
Manila,Manila, Utah,Philippines,169,,
Cz?stochowa,Cestohowa, Texas,Poland,171,,
Elbl?g (German: Elbing),Elbing, Kansas,Poland,171,,
Gda?sk (German: Danzig),Danzig, North Dakota,Poland,171,,
Gniezno,Gnesen Township, Minnesota,Poland,171,,
K?odzko (German: Glatz),New Glatz, Maryland,Poland,171,,
Kraków,Krakow, Wisconsin,Poland,171,,
Lublin,Lublin, Wisconsin,Poland,171,,
Miasteczko Kraje?skie (German: Friedheim),Friedheim, Missouri,Poland,171,,
Opole,Opole, Minnesota,Poland,171,,
Pozna? (German: Posen),Posen, Illinois,Poland,171,,
Pozna? (German: Posen),Posen, Michigan,Poland,171,,
Radom,Radom, Illinois,Poland,171,,
Szczecin (German: Stettin),Stettin, Wisconsin,Poland,171,,
Tarnów,Tarnov, Nebraska,Poland,171,,
Toru?,Torun, Wisconsin,Poland,171,,
Warsaw,Warsaw, Illinois,Poland,171,,
Warsaw,Warsaw, Indiana,Poland,171,,
Warsaw,Warsaw, Missouri,Poland,171,,
Warsaw,Warsaw, Minnesota,Poland,171,,
Warsaw,Warsaw, New York,Poland,171,,
Wroc?aw (German: Breslau),Breslau, Texas,Poland,171,,
Poland,Poland, Herkimer County,Poland,171,,
Lisbon,Lisbon, Connecticut,Portugal,176,,
Lisbon,Lisbon, Florida,Portugal,176,,
Lisbon,Lisbon, Illinois,Portugal,176,,
Lisbon,Lisbon, Indiana,Portugal,176,,
Lisbon,Lisbon, Iowa,Portugal,176,,
Lisbon,Lisbon, Louisiana,Portugal,176,,
Lisbon,Lisbon, Maine,Portugal,176,,
Lisbon,Lisbon, Maryland,Portugal,176,,
Lisbon,Lisbon, Missouri,Portugal,176,,
Lisbon,Lisbon, New Hampshire,Portugal,176,,
Lisbon,Lisbon, New York,Portugal,176,,
Lisbon,Lisbon, North Dakota,Portugal,176,,
Lisbon,Lisbon, Columbiana County,Portugal,176,,
Lisbon,Lisbon, Clark County,Portugal,176,,
Lisbon,Lisbon, Waukesha County,Portugal,176,,
Lisbon,Lisbon, Juneau County,Portugal,176,,
Lisbon,New Lisbon, Henry County,Portugal,176,,
Lisbon,New Lisbon, Randolph County,Portugal,176,,
Lisbon,New Lisbon, New Jersey,Portugal,176,,
Lisbon,New Lisbon, New York,Portugal,176,,
Lisbon,New Lisbon, Wisconsin,Portugal,176,,
Transylvania,Transylvania County, North Carolina,Romania,181,,
Arkhangelsk,Sitka, Alaska,Russia,183,,
Borodino,Borodino, New York,Russia,183,,
Moscow Kremlin,Kremlin, Oklahoma,Russia,183,,
Liebental,Liebenthal, Kansas,Russia,183,,
Marks,Catharine, Kansas,Russia,183,,
Moscow,Moscow, Idaho,Russia,183,,
Moscow,Moscow Mills, Missouri,Russia,183,,
Moscow,Moscow, Texas,Russia,183,,
Moscow,Moscow, Ohio,Russia,183,,
Obermunjor,Munjor, Kansas,Russia,183,,
Pfeifer,Pfeifer, Kansas,Russia,183,,
Saint Petersburg,St. Petersburg, Florida,Russia,183,,
Schoenchen,Schoenchen, Kansas,Russia,183,,
Sovetsk,Tilsit, Missouri,Russia,183,,
Mecca,Mecca, California,Saudi Arabia,185,,
Medina,Medina, Ohio,Saudi Arabia,185,,
Medina,Medina, Minnesota,Saudi Arabia,185,,
Aberdeen,Aberdeen, Washington,Scotland,240,,
Aldie Castle,Aldie, Virginia,Scotland,240,,
Alloa,Alloway, New York,Scotland,240,,
Alloway,Alloway, Maryland,Scotland,240,,
Ancrum,Ancram, New York,Scotland,240,,
Ayr,Mount Ayr, Iowa,Scotland,240,,
Bannockburn,Bannockburn, Illinois,Scotland,240,,
Bathgate,Bathgate, North Dakota,Scotland,240,,
Blair Atholl,Athol, Massachusetts,Scotland,240,,
Braemore,Bremo Bluff, Virginia,Scotland,240,,
Caledonia,Caledonia, Missouri,Scotland,240,,
Currie,Currie, Minnesota,Scotland,240,,
Dallas,Dallas, Texas,Scotland,240,,
Dumbarton,Dunbarton, New Hampshire,Scotland,240,,
Dumfries,Dumfries, Virginia,Scotland,240,,
Dundee,Dundee, Florida,Scotland,240,,
Dunfermline,Dunfermline, Illinois,Scotland,240,,
Edinburgh,Edina, Minnesota,Scotland,240,,
Edinburgh,Edina, Missouri,Scotland,240,,
Edinburgh,Edinburg, Texas,Scotland,240,,
Elcho Castle,Elcho, Wisconsin,Scotland,240,,
Elderslie,Ellerslie, Maryland,Scotland,240,,
Elgin,Elgin, Minnesota,Scotland,240,,
Ettrick,Ettrick, Virginia,Scotland,240,,
Glamis Castle,Glamis, California,Scotland,240,,
Glasgow,Glasgow, Kentucky,Scotland,240,,
Glasgow,Glasgow, Missouri,Scotland,240,,
Glasgow,Glasgow, Virginia,Scotland,240,,
Glen Coe,Glencoe, Missouri,Scotland,240,,
Glencoe,Glencoe, Minnesota,Scotland,240,,
Glendale,Glendale, Utah,Scotland,240,,
Glenelg,Glenelg, Maryland,Scotland,240,,
Grampian Mountains,Grampian, Pennsylvania,Scotland,240,,
Gretna Green,Gretna, Louisiana,Scotland,240,,
Inverness,Inverness Township, Michigan,Scotland,240,,
Kelso,Kelso, Washington,Scotland,240,,
Kilmarnock,Kilmarnock, Virginia,Scotland,240,,
Kilsyth,Kilsyth, West Virginia,Scotland,240,,
Kilwinning,Kilwinning, Missouri,Scotland,240,,
Kinross,Kinross Charter Township, Michigan,Scotland,240,,
Lanark,Lanark, Illinois,Scotland,240,,
Leith,Leith, North Dakota,Scotland,240,,
Leven,Leven Township, Minnesota,Scotland,240,,
Linlithgow,Lithgow, New York,Scotland,240,,
Lochbuie,Lochbuie, Colorado,Scotland,240,,
Lochgelly,Lochgelly, West Virginia,Scotland,240,,
Loudoun,Loudoun County, Virginia,Scotland,240,,
Lower Largo,Largo, Maryland,Scotland,240,,
Melrose,Melrose, Massachusetts,Scotland,240,,
Montrose,Montrose, Minnesota,Scotland,240,,
Muirkirk,Muirkirk, Maryland,Scotland,240,,
Newburgh,Newburgh (city), New York,Scotland,240,,
Paisley,Paisley, Oregon,Scotland,240,,
Perth,Perth, New York,Scotland,240,,
Rothesay,Rothsay, Minnesota,Scotland,240,,
Rutherglen,Ruther Glen, Virginia,Scotland,240,,
Skibo Castle,Skibo, Minnesota,Scotland,240,,
Stirling,Mount Sterling, Kentucky,Scotland,240,,
Tantallon Castle,Tantallon, Maryland,Scotland,240,,
Upper Largo,Largo, Maryland,Scotland,240,,
Wanlockhead,Wanlock, Illinois,Scotland,240,,
Belgrade,Belgrade, Montana,Serbia,182,,
Belgrade,Belgrade, Maine,Serbia,182,,
Singapore,Singapore, Michigan,Singapore,190,,
Nitra,Nitra, Georgia,Slovakia,193,,
Slovak,Slovak, Arkansas,Slovakia,193,,
Idrija,New Idria, California,Slovenia,192,,
Travnik,Traunik, Michigan,Slovenia,192,,
Johannesburg,Johannesburg, California,South Africa,235,,
Kimberley,Kimberly, Missouri,South Africa,235,,
Ladysmith,Ladysmith, Virginia,South Africa,235,,
Pretoria,Pretoria, Georgia,South Africa,235,,
Randburg,Randsburg, California,South Africa,235,,
A Coruña,Corunna, Michigan,Spain,61,,
Aledo,Aledo, Illinois,Spain,61,,
Alhambra (a building),Alhambra, California,Spain,61,,
Alhambra (a building),Alhambra, Illinois,Spain,61,,
Almadén,New Almaden, California,Spain,61,,
Altura,Altura, Minnesota,Spain,61,,
Ávila,Avilla, Indiana,Spain,61,,
Barcelona,Barcelona, New York,Spain,61,,
Cádiz,Cadiz, Indiana,Spain,61,,
Cádiz,Cadiz, Kentucky,Spain,61,,
Cádiz,Cadiz, Ohio,Spain,61,,
Cartagena,Carthagena, Ohio,Spain,61,,
Córdoba,Cordova, Nebraska,Spain,61,,
Galisteo,Galisteo, New Mexico,Spain,61,,
Granada,Granada, Minnesota,Spain,61,,
Iberia,Iberia, Missouri,Spain,61,,
Laredo,Laredo, Texas,Spain,61,,
León,Leon, New York,Spain,61,,
León,Leon, Oklahoma,Spain,61,,
Loja,Loxa, Illinois,Spain,61,,
Madrid,Madrid, Alabama,Spain,61,,
Madrid,Madrid, Colorado,Spain,61,,
Madrid,Madrid, Maine,Spain,61,,
Madrid,Madrid, Nebraska,Spain,61,,
Madrid,Madrid, New Mexico,Spain,61,,
Madrid,Madrid, New York,Spain,61,,
Madrid,New Madrid, Missouri,Spain,61,,
Málaga,Malaga, New Jersey,Spain,61,,
Málaga,Malaga, New Mexico,Spain,61,,
Mahón,Port Mahon, Delaware,Spain,61,,
Oviedo,Oviedo, Florida,Spain,61,,
Palos de la Frontera,Palos Park, Illinois,Spain,61,,
Segovia,Segovia, Texas,Spain,61,,
Seville,Seville, Florida,Spain,61,,
Seville,Seville, Ohio,Spain,61,,
Toledo,Toledo, Ohio,Spain,61,,
Valencia,Valencia, New Mexico,Spain,61,,
Valencia,Valencia, Pennsylvania,Spain,61,,
Valencia,Valencia West, Arizona,Spain,61,,
Valencia,Valencia, California,Spain,61,,
Zaragoza,Saragossa, Alabama,Spain,61,,
Dongola,Dongola, Illinois,Sudan,188,,
Khartoum,Khartoum, California,Sudan,188,,
Wadi Halfa,Halfa, Iowa,Sudan,188,,
Alsen,Alsen, South Dakota,Sweden,189,,
Arboga,Arboga, California,Sweden,189,,
Borgholm,Borgholm Township, Minnesota,Sweden,189,,
Boxholm,Boxholm, Iowa,Sweden,189,,
Dannemora,Dannemora, New York,Sweden,189,,
Falun,Falun Township, Minnesota,Sweden,189,,
Forsby,Forsby, North Dakota,Sweden,189,,
Gothenburg,Gothenburg, Nebraska,Sweden,189,,
Gävle,Galva, Illinois,Sweden,189,,
Kalmar,Calmar, Iowa,Sweden,189,,
Karlstad,Karlstad, Minnesota,Sweden,189,,
Karlsborg,Carlsborg, Washington,Sweden,189,,
Linsell,Linsell Township, Minnesota,Sweden,189,,
Lund,Lund, Wisconsin,Sweden,189,,
Malmö,Malmo, Nebraska,Sweden,189,,
Malung,Malung Township, Minnesota,Sweden,189,,
Mora,Mora, Minnesota,Sweden,189,,
Nora,Nora, Indianapolis,Sweden,189,,
Ronneby,Ronneby, Minnesota,Sweden,189,,
Skåne,Skanee, Michigan,Sweden,189,,
Stockholm,Stockholm, New York,Sweden,189,,
Taberg,Taberg, New York,Sweden,189,,
Uppsala,Upsala, Minnesota,Sweden,189,,
Älvsborg fortress,Elsinboro Township, New Jersey,Sweden,189,,
Sweden,Sweden, Maine,Sweden,189,,
Altdorf,Altorf, Illinois,Switzerland,39,,
Bern,Berne, Indiana,Switzerland,39,,
Bern,New Bern, North Carolina,Switzerland,39,,
Geneva,Geneva, Idaho,Switzerland,39,,
Geneva,Geneva, New York,Switzerland,39,,
Geneva,Geneva, Pennsylvania,Switzerland,39,,
Glarus,New Glarus, Wisconsin,Switzerland,39,,
Hallau,Hallam, Nebraska,Switzerland,39,,
Interlaken,Interlaken, California,Switzerland,39,,
Kloten,Kloten, Wisconsin,Switzerland,39,,
Langnau im Emmental,Langnau, Kentucky,Switzerland,39,,
Lausanne,Lausanne Township, Pennsylvania,Switzerland,39,,
Lenzburg,Lenzburg, Illinois,Switzerland,39,,
Lucerne,Lucerne, Indiana,Switzerland,39,,
Maienfeld,Mayfield, Wisconsin,Switzerland,39,,
Metzerlen-Mariastein,Maria Stein, Ohio,Switzerland,39,,
Neuchâtel,Neuchatel, Kansas,Switzerland,39,,
Rütli,Gruetli-Laager, Tennessee,Switzerland,39,,
Vevey,Vevay, Indiana,Switzerland,39,,
Winterthur,Winterthur, Delaware,Switzerland,39,,
Zürich,Zurich, Kansas,Switzerland,39,,
Almelo,New Almelo, Kansas,The Netherlands,158,,
Amsterdam,Amsterdam, Georgia,The Netherlands,158,,
Amsterdam,Amsterdam, Missouri,The Netherlands,158,,
Amsterdam,Amsterdam, Montana,The Netherlands,158,,
Amsterdam,Amsterdam, New Jersey,The Netherlands,158,,
Amsterdam,Amsterdam (city), New York,The Netherlands,158,,
Amsterdam,Amsterdam (town), New York,The Netherlands,158,,
Amsterdam,Amsterdam, Ohio,The Netherlands,158,,
Amsterdam,Amsterdam, Pennsylvania,The Netherlands,158,,
Amsterdam,Amsterdam, Texas,The Netherlands,158,,
Amsterdam,Amsterdam, Virginia,The Netherlands,158,,
Amsterdam,New Amsterdam, Indiana,The Netherlands,158,,
Amsterdam,New Amsterdam, Wisconsin,The Netherlands,158,,
Arnhem,Arnheim, Michigan,The Netherlands,158,,
Bergen,Bergenfield, New Jersey,The Netherlands,158,,
Bergen ,North Bergen, New Jersey,The Netherlands,158,,
Borculo,Borculo, Michigan,The Netherlands,158,,
Breukelen,Brooklyn, New York,The Netherlands,158,,
Breda,Breda, Iowa,The Netherlands,158,,
Brielle,Brielle, New Jersey,The Netherlands,158,,
Delft,Delft, Minnesota,The Netherlands,158,,
Drenthe,Drenthe, Michigan,The Netherlands,158,,
Friesland,Friesland, Wisconsin,The Netherlands,158,,
Friesland,Vriesland, Michigan,The Netherlands,158,,
Gelderland,Guilderland, New York,The Netherlands,158,,
's-Gravenzande,Gravesend, New York,The Netherlands,158,,
Groningen,Groningen, Minnesota,The Netherlands,158,,
Haarlem,Harlem, New York,The Netherlands,158,,
The Hague,Hague, New York,The Netherlands,158,,
The Hague,Hague, North Dakota,The Netherlands,158,,
Harlingen,Harlingen, New Jersey,The Netherlands,158,,
Harlingen,Harlingen, Texas,The Netherlands,158,,
Heemstede,Hempstead, New York,The Netherlands,158,,
Leiden,Leyden, Massachusetts,The Netherlands,158,,
Leiden,Leyden, New York,The Netherlands,158,,
Leiden,Leyden, Wisconsin,The Netherlands,158,,
Middelburg,Middleborough, Massachusetts,The Netherlands,158,,
Middelburg,Middleburgh, New York,The Netherlands,158,,
Nijmegen,Nijmegen, North Carolina,The Netherlands,158,,
Noordeloos,Noordeloos, Michigan,The Netherlands,158,,
Oostburg,Oostburg, Wisconsin,The Netherlands,158,,
Overijssel,Overisel, Michigan,The Netherlands,158,,
Rotterdam,Rotterdam (town), New York,The Netherlands,158,,
Rotterdam,Rotterdam (CDP), New York,The Netherlands,158,,
South Holland,South Holland, Illinois,The Netherlands,158,,
Utrecht,New Utrecht, New York,The Netherlands,158,,
Venlo,Venlo, North Dakota,The Netherlands,158,,
Vlissingen,Flushing, New York,The Netherlands,158,,
Zeeland,Zeeland, Michigan,The Netherlands,158,,
Zeeland,Zeeland, North Dakota,The Netherlands,158,,
Zutphen,Zutphen, Michigan,The Netherlands,158,,
Zwolle,Zwolle, Louisiana,The Netherlands,158,,
Ankara,Angora, Minnesota,Turkey,214,,
Balta,Balta, North Dakota,Ukraine,219,,
Kyiv,Kief, North Dakota,Ukraine,219,,
Odesa,Odessa, Texas,Ukraine,219,,
Odesa,Odessa, Washington,Ukraine,219,,
Selz (now Lymanske),Selz, North Dakota (Emmons County),Ukraine,219,,
Sevastopol,Sebastopol, California,Ukraine,219,,
Sevastopol,Sebastopol, Michigan,Ukraine,219,,
Sevastopol,Sevastopol, Wisconsin,Ukraine,219,,
Straßburg (now Kuchurhan,Strasburg, North Dakota,Ukraine,219,,
Montevideo,Montevideo, Minnesota,Uruguay,221,,
Samarkand,Samarcand, North Carolina,Uzbekistan,222,,
Bala,Bala Cynwyd, Pennsylvania,Wales,241,,
Bangor,Bangor, New York,Wales,241,,
Brecon,Beacon, Iowa,Wales,241,,
Caernarfon,Arvon Township, Michigan,Wales,241,,
Caernarfon,Caernarvon Township, Pennsylvania,Wales,241,,
Cardiff,Cardiff, Maryland,Wales,241,,
Cynwyd,Bala Cynwyd, Pennsylvania,Wales,241,,
Gwynedd,Upper Gwynedd Township,,Wales,241,,
Haverfordwest,Haverford, Pennsylvania,Wales,241,,
Hawarden Castle,Hawarden, Iowa,Wales,241,,
Lampeter,Lampeter, Pennsylvania,Wales,241,,
Landore,Landore, Idaho,Wales,241,,
Llandovery,Landover, Maryland,Wales,241,,
Milford Haven,Milford, Pennsylvania,Wales,241,,
Nantmel,Nantmeal Village, Pennsylvania,Wales,241,,
Narberth,Narberth, Pennsylvania,Wales,241,,
New Radnor,Radnor, Pennsylvania,Wales,241,,
Pembroke,Pembroke, Massachusetts,Wales,241,,
Penrhyn Quarry,Penryn, California,Wales,241,,
Swansea,Swansea, Massachusetts,Wales,241,,
Wales,Wales, Utah,Wales,241,,
